id,Stock,Beta,marketcap,trailingPE,forwardPE
0,AAPL,1.289,2647976837120,26.668741,23.94972
1,BAC,1.388,299213062144,12.311688,11.120234
2,AMZN,1.171,1873679220736,62.2,34.7553
3,T,0.694,125889110016,8.9340105,7.6521745
4,GOOG,1.044,1885998940160,26.251722,19.470587
5,MO,0.68,76922118144,9.544857,8.27704
6,DAL,1.431,30795921408,6.6764293,6.3826666
7,AXP,1.23,163945676800,20.329464,15.447083
8,DD,1.222,32016089088,70.33945,18.342106
9,BABA,0.465,180900003840,13.474861,8.241458
10,ABT,0.743,197220564992,34.865032,22.33006
11,UA,1.67,3174229504,8.022471,12.101695
12,AMAT,1.593,171355897856,24.262352,21.6174
13,AMGN,0.578,152372494336,22.782053,13.436673
14,AAL,1.577,10050520064,12.68595,4.623494
15,AIG,1.033,53230170112,15.696787,9.603193
16,ADBE,1.294,226060795904,48.287083,24.78389
17,GOOGL,1.044,1882413989888,26.067356,19.251274
18,ACN,1.195,217923764224,31.45281,26.378233
19,ABBV,0.555,322435383296,66.94853,14.914005
20,MT,1.885,22422622208,25.302752,5.1551404
21,LLY,0.344,739657973760,133.44083,42.768555
22,APA,3.268,10367391744,3.7167568,6.7411766
23,ADP,0.789,102590947328,29.073341,24.974
24,AKAM,0.723,16480403456,30.897728,14.837654
25,ADSK,1.433,55707750400,62.15275,28.586172
26,ADM,0.751,32023615488,9.768274,10.98077
27,WBA,0.718,18704934912,32.863636,6.3421054
28,LUV,1.163,17416652800,38.407894,12.421277
29,PANW,1.208,91802402816,43.98297,46.2
30,AMD,1.651,291697131520,347.0962,32.996346
31,AEP,0.509,45339398144,20.306604,14.446308
32,AVGO,1.273,614222856192,49.271748,23.273222
33,EA,0.767,35469324288,33.418137,17.502638
34,DB,1.188,31414630400,5.2566667,5.776557
35,AEM,1.031,29723416576,15.101266,24.247969
36,APD,0.821,53856862208,23.139446,18.052906
37,NVS,0.461,198071123968,23.592684,12.275381
38,ANF,1.603,6329165312,20.149519,15.472839
39,LULU,1.325,49225023488,32.04676,24.631147
40,ARRY,1.637,2255704064,26.625,10.426574
41,AGNC,1.437,6887281152,197.99998,4.852941
42,A,1.107,42642432000,34.811005,23.932566
43,ORLY,0.862,66645237760,29.329176,24.069935
44,AZO,0.699,54532681728,22.222887,18.847326
45,AN,1.232,6902136320,7.2878523,8.188922
46,AZN,0.173,210052792320,35.657894,15.468036
47,AES,1.056,12744787968,52.735294,8.620193
48,BUD,0.988,120087298048,23.376923,15.348484
49,BDX,0.445,71488806912,56.754585,17.255926
50,AB,1.264,3975506944,14.846155,10.011528
51,ACOR,1.424,16409384,5.061686,-13.761459
52,AFL,0.905,49404530688,11.03599,12.407515
53,ADI,1.173,98085642240,35.31964,26.372
54,ACIW,1.244,3533975552,29.651785,19.535294
55,AMP,1.356,43927740416,18.48398,11.820976
56,AEO,1.577,5084679168,29.988373,13.432292
57,AWK,0.625,23809196032,24.940815,21.553791
58,NVO,0.175,572924624896,47.38007,32.42424
59,ALK,1.624,5420609536,23.491804,7.1057854
60,PAA,1.551,12310805504,12.542857,12.817518
61,ARCC,1.033,12633097216,7.7686563,9.336323
62,AAP,1.162,5067194368,170.18,18.660088
63,NAT,-0.094,818480320,8.3404255,5.6811595
64,FNMA,1.322,1818201344,Infinity,0.65416664
65,AEE,0.443,19711154176,16.885843,15.063137
66,UBS,1.019,98575867904,3.4869463,14.288371
67,ARLP,1.189,2567642880,4.168399,5.1278768
68,ATI,1.212,6538553344,18.209965,17.228956
69,AVB,0.927,26354157568,28.24353,34.74906
70,LH,0.999,18372487168,50.45266,13.60274
71,AVY,0.911,17976178688,35.95008,21.20133
72,ASH,0.921,4877750272,33.46048,17.29485
73,ABM,1.142,2824066560,11.411764,12.325967
74,ATO,0.656,17930350592,18.988817,16.860992
75,AON,0.852,66176008192,26.654951,18.79054
76,ADC,0.52,5761522688,33.6,29.595856
77,AYI,1.487,8281398784,23.027422,17.182226
78,ASML,1.127,382937759744,45.054314,31.881405
79,AMT,0.676,92146491392,62.13522,27.141481
80,ACM,1.23,13341234176,108.97778,19.269156
81,ARW,1.401,6988082688,8.167824,8.031017
82,ARI,1.715,1582960512,38.413795,8.635659
83,AR,3.314,8803472384,37.17949,10.780669
84,AL,1.626,5728718336,10.007782,9.369763
85,AAN,1.326,229691248,83.33333,11.029411
86,BAH,0.532,19259496448,47.729904,25.331059
87,AVT,1.248,4480227328,6.838621,8.332773
88,ALB,1.626,15482743808,9.860779,14.445176
89,AIZ,0.498,9784263680,15.739131,11.105604
90,SAIC,0.702,6734434816,14.683558,14.503894
91,CAR,2.204,4343986688,2.910171,6.7322702
92,APH,1.307,69193269248,37.090034,31.430517
93,AMX,0.289,57992478720,12.780822,13.048951
94,JKHY,0.664,12659304448,33.998043,30.425568
95,AMKR,1.967,7927558656,22.082191,13.956711
96,AEIS,1.557,3813572864,29.47399,17.674177
97,ALKS,0.538,4522747392,8.846405,10.063197
98,AAON,0.916,7187347456,41.3615,31.241135
99,VRSK,0.787,33801324544,45.159004,32.15962
100,APO,1.64,63889707008,13.580918,12.343578
101,ALG,1.026,2750280448,20.081795,16.727472
102,ACTG,0.431,532443040,9.189655,9.189655
103,RBA,0.867,13965768704,73.24039,21.456337
104,MAA,0.788,15771179008,27.936306,30.529003
105,ASX,1.084,23691581440,24.422222,12.348314
106,ARCO,1.26,2342483712,12.930232,11.12
107,ANET,1.1,90657603584,44.069912,33.876167
108,AIR,1.685,2121020416,35.426033,14.391828
109,WAB,1.406,25789581312,32.158936,19.193674
110,RS,0.873,19190419456,14.760601,16.826786
111,PKG,0.788,17008861184,22.379719,18.771513
112,AVA,0.497,2738073856,15.633928,13.573644
113,AMG,1.307,5492027904,9.613663,6.9605155
114,ALSN,1.016,7262578688,10.967568,9.650416
115,ALGN,1.654,24628135936,56.537933,31.230478
116,AGO,1.133,4843858432,7.093496,12.983631
117,ROK,1.429,33384085504,27.772163,21.595997
118,GLPI,0.936,12508005376,16.63177,15.511785
119,AZZ,1.264,1938695040,25.599337,16.484007
120,ARMK,1.529,8535004160,12.853755,16.676924
121,AOS,1.238,13156256768,24.243902,20.66051
122,AMCX,1.211,528400992,2.4755101,2.341699
123,ALE,0.744,3433963776,13.869766,14.23389
124,AALI.JK,0.945,13280361840640,12.578617,10.865287
125,SEE,1.281,5375176704,15.897437,11.376147
126,BBVA,1.463,68615643136,8.457143,7.789474
127,APOG,1.097,1307437952,12.595745,13.333333
128,ANDE,0.681,1953436928,19.513605,14.786081
129,ALEX,1.24,1195591808,29.410713,21.96
130,ALCO,0.868,223136144,4.6550083,62.297874
131,ADUS,0.94,1676929152,26.981722,19.68381
132,WMS,1.514,13368718336,27.383148,25.034883
133,PAG,1.198,10860959744,10.450968,10.982373
134,MDRX,0.62,841301952,8.953488,8.191489
135,KLIC,1.47,2834520832,55.9,18.097122
136,AMH,0.711,15355833344,36.41584,51.08333
137,AME,1.222,42288672768,32.257496,24.419226
138,AJG,0.684,54584483840,56.44244,22.049381
139,AGCO,1.311,9179505664,7.8657284,9.588465
140,WAL,1.456,7072454656,9.814985,6.7639623
141,NOG,1.864,4002640640,3.9561317,6.5263157
142,GIII,2.441,1317555840,7.736,8.171831
143,CVU,1.694,29653414,3.162162,6.0
144,ARE,1.063,22552031232,238.72221,37.69298
145,ANSS,1.155,30209099776,60.586388,32.26394
146,AMNB,0.914,507722208,19.414633,19.899998
147,AIN,1.26,2917053952,26.340845,19.853504
148,AGX,0.462,673592064,20.461538,15.222892
149,ACLS,1.636,3638429184,15.009421,13.182033
150,ABG,1.168,4810878464,8.203897,7.295173
151,NXJ,0.47,498476352,57.52381,-302.0
152,HOLI,0.543,1588410496,13.606383,11.268723
153,GPI,1.421,3999430656,6.8357897,7.3646674
154,AXTA,1.505,7570614272,28.421486,16.070093
155,AWR,0.424,2672070912,21.5,22.091743
156,AWI,1.119,5441867264,24.89379,19.229103
157,ATHM,0.223,3230880768,12.367925,10.702041
158,ASM,1.868,80197544,62.300003,8.900001
159,AROC,1.576,3074204416,29.358208,16.669493
160,ALX,0.763,1108996992,10.87331,16.690237
161,AGI,0.973,5854348800,27.83019,21.376812
162,AER,1.844,17598666752,6.306967,8.047222
163,AE,0.83,74432848,362.5,-90.625
164,FMS,0.935,11314025472,20.956522,7.3587794
165,DOX,0.694,10528285696,19.30983,12.656863
166,CXW,0.828,1757810816,26.457628,19.271605
167,AXS,0.799,5490743808,16.17413,6.1571965
168,ASGN,1.498,4871340032,23.28,16.36875
169,APT,-0.727,71522880,17.828571,5.37931
170,AMBC,1.302,706404096,86.83333,44.657143
171,ALGT,1.574,1375312640,11.957075,7.950317
172,AIT,1.077,7639159808,20.751049,19.598215
173,AEL,0.789,4463867904,27.291264,7.974468
174,AEHR,2.012,357730080,17.464788,22.545454
175,MANH,1.445,15405710336,88.420494,57.26087
176,LAMR,1.516,12187701248,24.62062,21.022888
177,KYN,1.589,1692951296,14.098593,3.4756944
178,AM,2.13,6744764928,19.260275,13.784314
179,ALV,1.728,9809674240,21.091068,10.205932
180,AKR,1.456,1915019904,85.05,40.5
181,WRLD,1.413,881518976,12.762324,10.9750185
182,UHAL,1.066,13095736320,20.845678,15.008889
183,SAH,1.825,1941659648,11.45674,8.869159
184,CACC,1.458,6785719296,25.059063,13.194976
185,ATSG,0.835,903782976,16.780489,13.23077
186,ASB,0.991,3232178688,19.035398,9.037815
187,AROW,0.686,414158560,14.135593,9.441509
188,ARCB,1.494,3349291520,24.696707,11.255924
189,AMRK,0.031,701404608,6.82,5.9708176
190,ALRM,0.95,3619528704,47.366016,32.066372
191,AGRX,1.498,1007644,0.046511628,0.3090909
192,ABEV,0.537,39208054784,13.777778,13.052631
193,RGA,0.883,12683230208,14.3511915,9.06391
194,AVD,0.981,372896544,49.807693,15.235293
195,AUDC,0.811,399602976,46.571426,10.957983
196,ARC,1.194,118461544,14.578947,8.65625
197,AMWD,1.734,1610833280,14.002755,11.146931
198,ALLY,1.38,12337695744,13.575251,7.5446095
199,ACGL,0.57,34586521600,7.95525,10.849765
200,ABR,1.953,2497691136,7.571429,7.1621623
201,ABCB,1.052,3339681024,12.437018,9.975258
202,SAMG,0.872,149862992,16.46875,9.410715
203,MITT,1.992,180249904,3.642857,7.948052
204,HASI,1.843,3227858688,20.0,10.716981
205,GIL,1.62,6262382592,12.254126,11.35474
206,ATR,0.582,9520582656,33.93632,25.19965
207,ASR,0.778,9560399872,15.65995,13.879791
208,ASC,0.395,681996480,6.0590405,6.8991594
209,ARTNA,0.168,380114016,22.221558,17.67143
210,ACNB,0.589,319799648,10.13477,10.681818
211,AAT,1.275,1688774528,26.083334,26.719513
212,LNT,0.534,12907440128,18.129498,15.365854
213,KALU,1.336,1431171840,30.60274,13.559939
214,HOMB,1.1,4941911552,12.6649475,12.535714
215,FAF,1.289,6294255104,29.492754,11.099999
216,CAAS,2.431,107159232,3.446602,5.546875
217,ATLC,1.863,432410496,6.978774,4.9814816
218,ARIS,1.638,817802048,23.983051,11.504065
219,APLE,1.1,3956195584,21.272726,18.199999
220,ANIP,0.8,1456437632,81.32941,13.7162695
221,AMSWA,0.698,380370144,36.935482,30.131578
222,AMSF,0.29,960002944,15.532507,20.148594
223,AGYS,0.649,2305673728,26.006174,66.34646
224,AFG,0.775,11418147840,13.593625,11.459278
225,AVNW,1.72,481063488,30.428572,9.216347
226,APPF,0.805,8849972224,3524.8572,48.47544
227,ALLE,1.14,11794453504,22.01144,17.818785
228,AGM,1.074,2069878272,12.46076,10.711644
229,OMAB,0.977,4289509120,15.064761,15.599605
230,NOA,1.702,595751616,14.467533,6.1717453
231,CRESY,1.227,664988544,8.93,4.0776258
232,ATEN,1.105,1019840576,25.830189,15.735632
233,REX,1.039,1027642240,21.118706,14.42506
234,PAC,1.038,8244604928,14.213415,13.654393
235,GABC,0.602,1024814016,11.90378,13.171102
236,ARES,1.189,41423269888,54.724277,21.943893
237,AMRC,1.541,1261586304,20.623932,11.8867
238,VLRS,1.852,854375936,106.0,11.59375
239,EVTC,1.195,2611486976,32.97521,12.507837
240,APP,1.873,22948577280,70.63265,22.185898
241,ALOT,0.63,132452496,39.6,50.914288
242,AGRO,1.103,1168186112,8.043796,11.978261
243,ACU,0.744,171287952,9.668724,18.142859
244,TKC,0.754,4635811840,13.657895,3.9618323
245,PEO,1.157,588362048,57.649998,384.33334
246,AMPH,0.848,2111890944,16.888462,10.140878
247,AGR,0.542,14093934592,17.950739,15.120331
248,PAHC,0.75,523711552,34.945946,10.512196
249,FWRD,1.001,820383168,18.969513,17.093407
250,AXON,0.932,23560740864,134.86208,54.89123
251,AVAL,0.583,2742362624,12.833332,5.25
252,APAM,1.862,3158088960,14.347962,12.9293785
253,AMS,0.664,18585000,42.142857,12.826087
254,NSA,0.854,5276300800,26.45946,43.511112
255,EADSY,1.525,145726193664,35.507694,24.817204
256,ASTE,1.378,994113984,29.734694,14.1
257,AI.PA,0.657,100734402560,32.795918,25.076723
258,TRAN.BA,1.373,584079245312,88.51078,15.218399
259,SBI,0.351,111531816,34.434784,792.0
260,FTAI,1.933,6746555904,31.895737,21.639874
261,USA,1.105,1977604224,4.89726,715.0
262,PHX,0.574,127664264,8.74359,10.656251
263,AYA.TO,1.327,1515240320,388.66666,27.116278
264,ALA.TO,1.221,8836184064,13.238938,12.731915
265,AIR.PA,1.525,135434567680,35.566666,20.718447
266,AIF,0.6,206835200,8.411764,13.490567
267,ABX.TO,0.412,39552995328,22.989796,15.32653
268,ORG.AX,1.235,15849298944,9.684211,10.952381
269,MOG-A,1.18,5093345792,29.674719,19.73424
270,CS.PA,1.237,78409990144,12.088541,9.113874
271,ANZ.AX,0.765,88236457984,12.951542,13.303167
272,AC,0.902,703042560,19.01744,12.629344
273,AC.PA,1.31,10868299776,17.530363,17.32
274,ABI.BR,0.988,109430775808,23.427385,15.949152
275,XRF.AX,0.861,169874064,20.5,17.571428
276,WOW.AX,0.269,40520138752,3317.0,21.679737
277,SIEGY,1.285,150764126208,15.984925,15.799669
278,QBE.AX,0.712,27140065280,13.52985,9.542105
279,MT.AS,1.885,20694990848,25.20297,5.4159575
280,IAG.TO,1.134,8384933888,11.25,7.460107
281,BXB.AX,0.527,22474500096,20.974026,17.365591
282,BHP.AX,0.853,224201441280,19.852018,20.686914
283,AV.L,0.909,13535379456,1342.1621,10.006044
284,ASII.JK,0.552,208490530340864,6.1596236,6.6587367
285,ALV.DE,1.086,108903989248,13.122342,10.443608
286,AKRA.JK,0.342,33947985641472,12.209839,11.196459
287,AKO-B,0.387,2350653696,13.423423,10.205479
288,3264.TWO,1.086,39619710976,14.666667,14.463667
289,STO.AX,1.144,25170219008,11.742424,12.5
290,MQG.AX,1.119,76917653504,18.187614,17.65694
291,HNNA,0.787,52959984,10.78125,5.52
292,FMAO,0.608,304577248,13.347306,12.7371435
293,BBCA.JK,0.374,1241995691425792,25.510204,21.43845
294,ARX.TO,1.312,14413999104,9.252873,7.2960725
295,AMEH,1.036,1830332032,39.25,26.855263
296,AKSO.OL,1.492,18888880128,194.09999,8.7629795
297,AHT.L,1.328,24862980096,1931.5068,1735.3846
298,AFN.TO,2.319,1166195840,17.83721,9.227068
299,AF.PA,1.823,2710657792,3.2885349,2.2997775
300,ACDVF,2.403,5187046400,3.2961278,4.6527333
301,WHC.AX,0.182,5939867136,5.1079135,5.0
302,WES.AX,0.768,77618954240,30.950226,27.46988
303,WDS.AX,0.744,57911873536,22.93233,29.901962
304,VWS.CO,1.263,194248720384,321.66666,643.3333
305,VOLV-B.ST,1.07,591142584320,11.835985,11.807082
306,TLS.AX,0.327,44599984128,21.444443,20.315788
307,SXL.AX,1.74,229103552,31.833334,11.9375
308,REA.AX,1.014,24503740416,87.07511,45.12652
309,RBA.TO,0.867,18909511680,73.17021,21.272165
310,PACT.ST,1.334,3041488896,17.66773,13.454988
311,NHYDY,1.339,11067324416,34.5,5.52
312,NAB.AX,0.862,108105203712,15.060869,15.464286
313,MDA.TO,0.126,1759257216,36.774998,14.858585
314,LAU.AX,0.234,347422880,9.291667,7.964286
315,KOV.AX,0.584,98800960,8.057143,9.837209
316,GIL.TO,1.62,8478587904,12.201457,11.322072
317,FUTU,0.8,7561019392,13.849105,11.472459
318,ESOA,0.793,137039104,15.0,18.333334
319,E5H.SI,0.553,3424059136,4.5000005,5.4
320,DTEGY,0.58,120880521216,27.202246,13.37569
321,CPU.AX,0.703,15617383424,23.106195,13.389744
322,CLAS-B.ST,1.144,9186808832,20.684736,14.529058
323,CBA.AX,0.904,201355280384,20.928696,21.527727
324,CARL-B.CO,0.568,131421765632,18.520117,15.425862
325,BILL.ST,0.412,23865962496,49.241024,11.582629
326,AZN.L,0.173,165531418624,3535.7617,1464.7462
327,AXFO.ST,0.173,67150114816,28.629257,22.260374
328,AXAHY,1.237,84682342400,12.051282,13.9776945
329,ASURB.MX,0.778,157307994112,15.417819,11.764864
330,ASML.AS,1.127,353237139456,44.83417,31.250439
331,ASHOKLEY.NS,0.856,502846521344,21.141973,22.096775
332,AQN.TO,0.453,5901606912,214.00002,11.7260275
333,ANN.AX,0.507,3082086144,19.664,14.290697
334,ALNPY,0.502,9926616064,9.333333,12.0
335,AEM.TO,1.031,40245268480,15.069029,25.319748
336,ADHI.JK,1.527,2455022075904,11.468971,1.2702832
337,ACQ.TO,2.601,634669056,13.048544,7.791304
338,0522.HK,1.265,40787292160,56.878613,16.820513
339,WOR.AX,1.432,8837635072,36.413044,18.010752
340,WBC.AX,0.871,91449966592,13.384615,14.184783
341,WALMEX.MX,0.132,1169913806848,22.789116,18.4573
342,UBAB,0.383,148373408,5.745554,6.122449
343,TCL.AX,0.6,41187835904,190.2857,78.352936
344,TCL-A.TO,1.004,1280239360,12.903509,6.5964127
345,SKFRY,1.064,9522006016,15.684211,13.545455
346,SAND.ST,1.339,298168516608,19.515598,16.518415
347,RWEOY,0.643,25283158016,16.109007,10.056213
348,RHC.AX,0.643,12965371904,62.098896,29.279793
349,PLS.AX,1.375,11526269952,8.511111,27.357141
350,PETS.L,0.564,1267967232,1677.5,13.326714
351,ORK.OL,-0.076,76361433088,14.690979,11.959375
352,NOEJ.DE,1.646,548989120,19.144444,7.0040646
353,NOA.TO,1.702,805201024,14.411485,6.1595097
354,MYR.AX,2.063,677938176,13.583334,13.583334
355,ILU.AX,1.089,3085029120,9.0125,11.444445
356,IFNNY,1.763,44353576960,13.773279,11.978874
357,HVN.AX,0.688,6416951296,17.166666,15.1470585
358,GNC.AX,1.058,1848536704,7.4234233,18.727272
359,EBKDY,1.579,18055331840,6.486956,5.9363394
360,DUNI.ST,1.742,5198089216,35.0,10.811339
361,DNO.OL,1.757,9506249728,46.428574,39.0
362,DANSKE.CO,0.894,176944644096,8.360988,7.9309025
363,COH.AX,0.464,22105567232,63.324577,49.781708
364,CAFO.PA,0.612,84212640,6.766917,11.538462
365,BLD.AX,1.341,6750910976,32.210526,24.48
366,BHIP.BA,1.676,218679099392,7.496741,237.6033
367,BEN.AX,1.068,5803211264,12.202381,12.974683
368,BEIJ-B.ST,1.598,80582950912,42.741936,30.576923
369,BBVA.MC,1.463,63979450368,8.55814,11.74468
370,AVBH,0.665,143744736,12.100629,6.4133334
371,AUROPHARMA.NS,0.581,637941121024,23.066736,17.478727
372,AU8U.SI,0.689,1241312128,12.250001,10.5
373,ASX.AX,0.283,12878041088,27.110203,25.844358
374,ASAZY,0.793,32019066880,24.758621,18.410257
375,ARNGF,1.524,319462624,7.3,0.76842105
376,ARKAY,1.223,7892851712,18.138556,12.899021
377,AR.TO,1.524,425474400,7.7999997,19.5
378,APLN.JK,1.099,2678516088832,2.9025054,1.8489255
379,ANA.MC,0.62,6125836288,11.410515,12.293028
380,AMS.MC,1.239,25890398208,24.460903,24.460903
381,AMP.AX,0.678,3207063552,117.0,11.7
382,AMKBY,1.192,20466993152,5.692982,0.059904005
383,AKER.OL,1.225,46323929088,16.232752,23.75238
384,AIQUY,0.657,108888858624,32.82677,34.17213
385,AGI.TO,0.973,7926192640,27.736109,22.438202
386,AGF-B.TO,1.791,524250592,6.3076925,5.8992805
387,AGESY,0.747,8531518464,8.633829,6.4513893
388,ADRO.JK,0.096,83379240304640,2.9129043,6.802378
389,ABEV3.SA,0.537,196709990400,13.576086,12.876288
390,AAL.L,1.272,26220871680,10843.333,1032.6985
391,5099.KL,0.807,3020822784,2.6296294,7.8888884
392,YAL.AX,0.302,6919105536,3.8248174,4.990476
393,VBG-B.ST,0.774,7838753792,14.794714,12.864177
394,TWE.AX,0.317,10102253568,40.16129,19.453125
395,TUIFF,2.314,4199304448,4.881579,29.68
396,TMNSF,0.892,5239905280,44.37195,18.37626
397,STB.OL,1.202,44349800448,13.679891,10.952903
398,SKA-B.ST,1.175,78182531072,15.782933,11.928616
399,SIQ.AX,0.743,1289672448,20.229168,16.183332
400,SDF.AX,0.731,6504985600,30.947369,21.0
401,SAAB-B.ST,0.536,127051063296,37.822803,24.986877
402,RO.SW,0.147,184465670144,16.993008,12.571133
403,RMS.PA,0.739,247795908608,57.60896,47.55779
404,RIO.AX,0.657,197575081984,12.92569,10.433591
405,PTBA.JK,0.099,34116984635392,5.5838614,7.821141
406,PPT.AX,1.356,2846084096,45.61818,12.482587
407,PMV.AX,0.841,5231850496,19.300001,18.748571
408,PDN.AX,1.757,4088984064,45.666668,13.7
409,PBP.AX,0.429,235837872,29.0,16.11111
410,PBAM,0.522,195307952,4.8439717,6.289135
411,ORI.AX,0.598,8876295168,28.531252,16.45045
412,ORA.TO,0.378,754876608,17.416666,4.18
413,OMVKY,1.27,15473248256,9.692622,7.9362416
414,OFX.AX,-0.019,405379392,12.538462,11.642857
415,O4B.DE,0.395,282175744,19.8,11.856287
416,NVZMY,0.475,27331993600,37.253162,27.895737
417,NVZMF,0.475,27219167232,36.411392,29.35204
418,NOD.OL,1.425,16463475712,199.53488,715.00006
419,NIBE-B.ST,1.256,105964642304,20.451363,21.809128
420,NHF.AX,0.285,3806417152,18.714287,17.086956
421,NABZY,0.862,71029866496,15.173333,11.978948
422,MURGY,0.818,65779019776,13.316075,10.555075
423,MOEX.ME,0.494,192603111424,6.898785,5.179331
424,MGAM.L,1.429,813304448,1781.25,8.196721
425,MEDI.OL,0.801,3404953088,32.804234,27.433628
426,MAL.TO,1.11,455722208,49.8125,8.389474
427,LIC.AX,1.147,1907665792,21.465754,20.35065
428,LIAB.ST,1.38,17675960320,20.776875,14.25031
429,LAS-A.TO,-0.155,1014784128,11.5947,8.740305
430,KSB.DE,0.762,1107398272,7.7756023,7.1075077
431,JM.ST,1.452,14126551040,13.6875,21.704659
432,IPL.AX,0.749,5613044736,20.642859,14.450001
433,IGO.AX,0.774,5353884672,22.093752,16.833334
434,HYDR.ME,0.192,354030616576,8.03,5.353333
435,HXGBY,1.055,31809024000,34.705883,21.454546
436,HUSQ-B.ST,1.511,52829265920,29.184711,14.012233
437,HEXA-B.ST,1.055,340110934016,34.80769,21.43824
438,HENOY,0.579,33640128512,23.595293,3.0760736
439,GUD.AX,0.522,1662561152,16.164383,12.967032
440,GMG.AX,0.865,64211279872,41.23171,28.897438
441,GEM.AX,1.058,971407232,17.142859,12.0
442,G1A.DE,0.966,6753651712,16.676596,14.148014
443,FSJ.L,0.596,131800040,6525.0,11.447369
444,FMG.AX,0.882,79129280512,8.986014,10.447155
445,ELD.AX,0.152,1476130560,14.656251,13.794118
446,DRX.TO,0.801,298005024,10.144444,7.0230775
447,DMP.AX,0.728,3945483264,64.76119,24.514124
448,CSL.AX,0.292,139138203648,37.055344,26.536406
449,COP.DE,1.017,1494895744,19.805555,10.969232
450,COIC.ST,1.439,7068669952,17.4,15.472918
451,CDD.AX,0.011,15819584,1.62,4.0499997
452,CDA.PA,1.448,681617728,7.58427,8.231708
453,BMAX.ST,1.208,2110499968,34.615387,15.5172415
454,BLY.AX,1.391,884800832,16.61111,-42.714287
455,BFG.AX,1.372,436211840,17.0,9.714286
456,BEIA-B.ST,1.395,11654709248,22.672918,16.063122
457,BAMXF,1.184,76099600384,5.830138,5.9667573
458,AZTECACPO.MX,0.752,4479054848,1.0504202,2.0833335
459,AZM.MI,1.448,3484559616,8.019108,7.9432178
460,AXAHF,1.237,84671086592,12.049681,10.650142
461,ASSA-B.ST,0.793,341120548864,25.048939,19.523205
462,ARE.TO,1.162,1059151488,8.1,12.06383
463,ANZ.NZ,0.765,96048660480,12.914979,12.037735
464,AMC.AX,0.839,20956338176,21.235292,20.62857
465,AMADY,1.239,27938560000,24.287878,18.693878
466,ALU.AX,0.507,8604278784,81.525,55.27119
467,ALPHA.AT,1.785,3830760704,7.409091,5.2580643
468,ALMDG.PA,0.948,100941984,17.52688,14.298245
469,ALFVY,1.169,16212249600,28.369566,43.02198
470,ALFAA.MX,1.015,58490798080,8.531034,7.109195
471,AGS.BR,0.747,7883159552,8.653225,5.9199996
472,ADP.PA,1.299,12543575040,19.890453,18.393633
473,ABF.L,1.238,18822729728,1864.1791,12.951057
474,ABC.AX,1.154,2054898304,22.357143,17.38889
475,AAV.TO,1.646,1578824064,16.745764,7.3185186
476,AAD.DE,1.671,652945600,16.243242,14.676435
477,A2A.MI,1.133,5242925056,13.945833,10.459374
478,5014.KL,0.772,16618758144,29.294117,18.792454
479,4162.KL,0.729,2312793088,11.095891,10.8
480,ZZ-B.ST,1.442,2597741824,17.762238,13.8294
481,XIL.PA,0.952,23757134,51.125004,-34.083336
482,IBM,0.708,175061630976,23.430677,17.896908
483,BP,0.539,106034159616,7.316505,6.9907236
484,BIDU,0.675,36916641792,13.798164,8.650781
485,BRK-A,0.894,908403867648,9.551387,22.087914
486,BBY,1.509,17667702784,14.441901,12.188707
487,BX,1.499,159203344384,71.01081,21.360975
488,BSX,0.779,100673454080,64.00934,26.858824
489,BIIB,-0.024,31344191488,27.021303,12.237798
490,BMY,0.372,109663363072,14.049223,7.638028
491,USB,1.054,69656461312,13.669725,10.228833
492,BRK-B,0.894,909252558848,9.496839,21.811201
493,BLK,1.383,124172943360,22.828587,18.226934
494,YUM,1.1,39007236096,24.803219,21.298002
495,BTU,0.993,3114086400,4.852,8.394464
496,MNST,0.718,62083940352,38.493507,28.637682
497,BK,1.102,43380424704,14.888889,9.782682
498,FITB,1.278,25434896384,11.555901,10.601139
499,ZBH,1.007,27116740608,27.04508,15.205068
500,PBR,1.011,98294317056,3.9506495,4.6944447
501,BHP,0.853,146082611200,19.756847,28.279411
502,BEN,1.419,14801546240,14.794738,9.693104
503,BMO,1.171,70861365248,18.257944,10.687089
504,BPT,0.025,52002000,9.346154,0.60902256
505,HRB,0.717,6851875840,13.641667,10.584052
506,TAP,0.845,14298963968,15.389016,11.302522
507,CBRL,1.431,1614686080,19.394667,14.373519
508,BCS,1.378,35652202496,6.9485292,5.4310346
509,TD,0.841,106766336000,12.957082,9.770227
510,MTB,0.785,24233357312,9.210893,9.072988
511,BXP,1.166,10254388224,53.975204,32.014706
512,BMRN,0.309,16478960640,100.3908,31.304659
513,RY,0.836,142663483392,12.721312,11.159292
514,HBAN,1.115,20308549632,11.25,10.035972
515,BCE,0.469,30999103488,20.22619,14.337553
516,B,1.367,1883375104,119.838715,17.690477
517,BWA,1.281,8023411712,12.866667,7.9496574
518,TOL,1.642,13476472832,10.020914,9.422433
519,SAM,1.021,3660498432,49.020935,24.275919
520,EGLE,1.495,691724096,31.87245,7.4635606
521,BOX,0.835,4088076800,42.268654,15.391304
522,BC,1.55,6555474432,15.745513,11.018264
523,BKE,1.17,2031428224,9.152272,9.821952
524,CM,1.103,47538184192,10.544699,9.867704
525,BKCC,1.401,267064608,10.222222,8.97561
526,BBD-B.TO,2.96,5681819136,9.100157,6.638128
527,SB,1.021,553620352,8.131147,6.613333
528,BG,0.636,14894924800,7.934984,10.493346
529,BPOP,0.838,6364854784,11.714095,8.111418
530,BGC,1.523,3892358144,111.0,7.8484845
531,PBYI,1.306,255498176,11.777779,31.176472
532,BBD,0.639,30372055040,11.0,5.8367343
533,SAN,1.343,76682543104,6.8169017,6.126582
534,FIBK,0.868,2828098560,10.971774,10.587548
535,EWBC,1.375,11077773312,9.671149,9.565901
536,EAT,2.465,2197202432,14.526316,12.2970295
537,CFR,1.03,7228930048,12.370329,13.4492235
538,BNS,0.959,63281893376,11.506666,9.957692
539,BCPC,0.712,4999756288,46.25373,32.348644
540,BRKR,1.166,12932814848,32.393105,27.467836
541,BOKF,1.196,5945656320,11.471321,11.205847
542,WRB,0.568,22689193984,17.51287,13.50229
543,VLY,1.107,4050724608,8.378947,6.633333
544,ONB,0.82,5095976448,8.974226,8.576355
545,EXE.TO,1.208,634497856,19.075,16.955557
546,COKE,0.747,7933984768,19.45323,21.736261
547,BJRI,2.124,845418048,44.121952,23.960266
548,TCBI,1.189,2919765760,17.387005,14.34732
549,IBTX,1.326,1884217472,43.894234,10.470183
550,IBN,0.816,92719964160,18.468533,18.340277
551,FFBC,1.038,2131565952,8.334573,9.876652
552,BIP,0.951,14412839936,222.92856,26.008331
553,BHE,1.03,1073595776,16.765364,12.29918
554,SASR,0.921,1041711552,8.490843,8.308244
555,NXST,1.503,5759395840,17.872406,9.976259
556,EVBN,0.921,161454816,6.665179,12.706384
557,BYD,1.598,6444597248,11.0,10.601575
558,BR,1.001,24126771200,35.627827,23.98829
559,BMI,0.854,4749463040,51.531845,41.489742
560,BDC,1.033,3804928256,16.362192,12.686301
561,BCO,1.387,4131667712,50.480873,9.388211
562,BAP,1.093,13475614720,10.45219,8.391778
563,ZION,1.117,6405797376,9.977012,9.353449
564,SFBS,0.883,3615896832,17.509235,15.990361
565,SBNY,9.621,144840192,0.11078998,0.1569966
566,JBSS,0.054,1228682624,18.388887,22.2521
567,JACK,1.787,1337839104,10.869842,9.511112
568,BZH,2.241,1034672704,6.4822135,6.0628467
569,BSBR,0.795,42733490176,0.023542,6.5747123
570,BRC,0.765,2865097216,15.518325,13.565217
571,TECH,1.223,11064744960,50.64029,34.846535
572,NRIM,0.711,277783776,11.249443,9.620952
573,IBKR,0.832,46560727040,39.376102,17.675632
574,NBIX,0.244,13724075008,55.838055,21.926868
575,NBHC,0.832,1362908544,9.696237,10.276353
576,FIVE,1.209,10018542592,33.526806,25.226704
577,CNOB,1.242,748878016,9.42029,8.705358
578,BOH,1.057,2481318912,15.070048,15.6758795
579,BKU,1.339,2082390912,11.764706,9.364549
580,BKH,0.635,3728606720,13.964193,13.284671
581,BH,1.535,593872896,5.003429,-25.460402
582,BFAM,1.377,6570776576,89.25984,28.698734
583,SBLK,1.134,2005483392,13.64,4.698819
584,SBCF,1.164,2155334400,20.642275,14.847953
585,RY.TO,0.836,193165656064,12.685236,11.300247
586,PB,0.941,6152370688,14.585365,11.244445
587,HTBI,0.764,476940832,9.205387,9.834533
588,GBDC,0.588,2836845056,9.137362,9.39548
589,FRBK,0.222,394301,0.025454545,0.0112
590,FIZZ,0.829,4439469568,26.220995,23.849245
591,FCNCA,0.885,23573757952,2.0841033,8.617963
592,BWXT,0.727,9380216832,38.291046,30.005848
593,BLKB,1.037,3964666112,2471.3333,15.318181
594,BBSI,1.348,832722752,17.147497,14.752037
595,WF,0.669,8027398144,3.7275863,4.033582
596,JBT,1.288,3334589440,26.09204,18.369528
597,HDB,0.768,141732839424,17.545454,19.847519
598,FBP,1.159,2934757888,10.25731,9.5847
599,EGBN,1.014,703032192,7.096677,8.7
600,CBSH,0.79,6909456384,14.615384,15.693215
601,BUSE,0.83,1328692736,11.032109,10.321888
602,BURL,1.473,14841445376,44.31107,25.265507
603,BRO,0.785,24978751488,28.70164,23.097626
604,BRKL,0.742,885390208,11.717647,8.512821
605,BNS.TO,0.959,85634654208,11.468084,9.939007
606,BHB,0.732,402098784,8.976271,9.52518
607,BCC,1.58,6067853824,12.65429,12.920809
608,WASH,0.816,457852416,9.531915,10.418605
609,WABC,0.552,1304006016,8.066007,10.355933
610,UCBI,0.945,3134211840,17.09091,11.058823
611,TD.TO,0.841,144553623552,12.914692,9.743742
612,PPBI,1.175,2300714496,77.41936,11.428572
613,PLX,0.91,92045640,13.999999,1.5555556
614,NBTB,0.503,1729539072,13.841509,11.081572
615,INBK,0.712,300704256,36.568424,8.817259
616,IBP,1.889,7339161600,30.049944,19.963736
617,EBR,0.498,19106973696,23.857143,9.277779
618,CIB,1.123,8228438528,5.2484665,5.3636365
619,CBU,0.66,2561367808,19.60408,13.921739
620,CATY,1.118,2749094656,7.783951,8.636987
621,BVN,0.885,4181299200,7.153153,15.417477
622,BLMN,2.003,2497184768,11.203125,10.206406
623,SBS,0.547,11544369152,14.2627125,13.464
624,NX,1.344,1272171392,14.612166,14.724138
625,LOB,1.598,1858369408,25.310974,13.69967
626,IBCP,0.966,529954432,9.086021,8.771626
627,CCBG,0.536,469326656,9.022801,9.719298
628,BXMT,1.456,3457849344,13.923078,8.365546
629,BTG,1.128,3400699392,261.0,6.6923075
630,BFS,1.054,1291805312,22.248556,11.843078
631,BF-B,0.788,24616595456,25.681591,25.939697
632,BERY,1.241,7011265024,13.147826,7.251798
633,BELFB,1.391,791834112,10.925725,10.362543
634,TRST,0.84,535727104,9.142858,9.054663
635,TOWN,0.894,2101727616,13.621359,11.269076
636,TBNK,0.666,71142480,14.140352,16.44898
637,SBH,1.467,1302659328,7.8607593,6.241206
638,NWBI,0.592,1480866432,10.990566,11.421569
639,NKSH,0.478,196911184,12.56015,12.149091
640,NFBK,0.681,432195936,11.302325,9.623763
641,MNRO,1.126,943112256,29.203703,19.115152
642,LBAI,0.844,786930816,9.379846,8.642858
643,GRBK,1.709,2708603392,9.809446,8.128205
644,CZWI,1.017,127051328,9.719999,8.617022
645,BSRR,0.907,298719616,8.559322,8.178138
646,BRX,1.502,7065320960,23.217823,24.684212
647,BLX,1.174,1082311808,6.50989,6.453159
648,BLDR,2.041,25430587392,17.48114,14.245218
649,BHLB,0.871,999871232,14.325,9.20482
650,BANF,1.1,2899391232,13.884857,16.73574
651,RBC,1.453,7889326592,45.20903,28.338575
652,QSR,0.924,35474026496,21.130318,20.164974
653,PFBC,1.022,1055833088,7.228813,8.743735
654,MPB,0.578,331639744,8.737991,6.783051
655,GSBC,0.666,643170176,9.771835,10.603481
656,CBAN,0.531,201923904,9.274194,7.3248405
657,BSAC,0.478,9342211072,15.864,8.8133335
658,BRT,1.154,292536704,105.0,-37.333332
659,BLBD,1.345,1234494336,20.178947,15.2749
660,BBW,1.647,427311264,8.608069,7.778646
661,BARC.L,1.378,27659354112,678.5185,4.724085
662,STBA,0.762,1226527488,8.57754,10.622518
663,SFST,0.785,259038048,19.13253,8.10204
664,SBSI,0.53,885163328,10.365249,10.010274
665,PLAY,2.084,2515837696,22.27758,14.162895
666,OSBC,1.09,620049984,6.8514853,7.646409
667,LBRDA,0.962,8205402112,12.205129,6.743801
668,BOOT,2.196,2883140096,17.71881,18.583984
669,BOOM,1.612,385633024,18.046295,8.120832
670,BANR,0.99,1648728064,9.005629,9.542743
671,TCBK,0.533,1223600640,10.448863,10.849557
672,SMBC,0.937,497004544,11.563492,9.481562
673,SHBI,0.918,381920736,27.380953,6.969697
674,OFG,1.097,1735459072,9.610967,9.318988
675,MBWM,0.981,620327936,7.502924,8.708145
676,INDB,0.845,2208035840,9.597786,10.616326
677,GBCI,0.776,4567026688,20.0398,16.853556
678,FSBW,0.921,270939296,7.611842,7.4806037
679,FRBA,0.875,344875360,14.463158,7.633333
680,FBIZ,0.777,311495264,8.660508,7.211539
681,CBNK,0.416,289612000,8.168628,7.860377
682,BXC,1.905,1126582528,24.163267,11.807797
683,BSM,0.928,3360801536,8.5,10.444445
684,TBBK,1.482,1764981504,9.587392,6.652087
685,RCKY,1.963,201238128,19.241135,9.043333
686,NECB,0.545,222499264,4.7379518,6.473251
687,MCBC,0.662,336400064,29.666666,7.6484375
688,DCOM,1.122,747808000,8.4104805,6.7108016
689,CWBC,0.675,137384992,19.11111,14.467289
690,CVLY,0.543,219467168,8.787645,11.38
691,CM.TO,1.103,64362123264,10.5,9.796005
692,BWEN,1.35,51328036,6.611111,8.206897
693,BMW.DE,1.184,70482894848,6.171956,6.3856716
694,BMA,1.676,3808875008,87.6,7.1483684
695,BCBP,0.566,177173472,6.1470585,6.040462
696,BANX,0.481,135100992,6.6883807,8.367842
697,UNTY,1.072,279891616,7.1875005,6.478873
698,UBSI,1.018,4829967872,13.206642,13.10989
699,UBCP,0.34,82517784,9.21656,8.175141
700,RBCAA,0.579,989542784,11.038961,10.8742
701,FFIN,0.815,4683693568,23.604319,20.898088
702,COLB,0.882,4050168064,10.870787,7.5882354
703,BMRC,0.842,271561664,13.524194,10.54717
704,VIV,0.115,16659807232,16.508196,12.13253
705,NGVC,0.987,410680800,15.42735,22.012194
706,NEWT,1.303,271480000,10.891089,5.339806
707,NBN,1.151,431516416,7.7182703,8.410335
708,MBUU,1.366,884244992,13.871795,9.747747
709,FMBH,0.854,780708864,10.374603,9.726191
710,FBMS,0.871,810364032,10.85774,9.611112
711,ESSA,0.315,184697248,9.801075,8.936275
712,CUBI,1.679,1670588800,7.248634,7.179973
713,CSU.TO,0.809,78408548352,102.26644,28.064322
714,BTO,1.429,582329600,95.41936,246.5
715,BLD,1.661,14021781504,22.78852,19.398329
716,BCH,0.162,11248242688,8.87251,9.127049
717,RVSB,0.689,99643912,10.260869,13.485714
718,PPL.TO,1.482,26270351360,15.989967,14.531916
719,PEBO,0.762,1050953664,8.607558,8.411932
720,LOAN,0.539,57879820,10.541667,10.541667
721,ISBA,0.257,142636752,8.083333,6.1392403
722,HBCP,0.67,312200064,7.6773553,8.8271885
723,FMNB,0.853,501613216,10.045113,10.045113
724,FGBI,0.449,126922704,16.370968,11.032608
725,FCBC,0.507,639636928,12.970037,15.188597
726,BNGA.JK,0.63,54365712809984,8.404657,7.3430343
727,BFIN,0.457,130837352,14.189189,12.352941
728,BCE.TO,0.469,41992015872,20.188597,14.339563
729,WTBA,0.899,298208544,12.381944,11.503226
730,SYBT,0.808,1436325248,13.326975,13.586111
731,OLLI,0.763,4900899328,27.25,22.477402
732,GCL.TO,0.756,126462640,20.666668,7.75
733,CWB.TO,1.566,2720865792,8.545455,7.1755724
734,CVCY,0.838,235332512,9.165898,7.3940516
735,CIVB,0.768,241269136,5.6336994,7.576355
736,BELFA,1.391,791832768,12.827898,11.704131
737,BBRI.JK,0.642,912285547626496,15.197569,12.197334
738,6947.KL,0.128,49154985984,41.9,22.052631
739,Y.TO,0.849,135602608,3.7207544,4.091286
740,TCN.TO,1.465,4116834048,26.964287,38.717953
741,SIP.BR,0.344,577222208,8.308383,10.471698
742,POU.TO,3.312,3969555968,8.671924,7.121762
743,NA.TO,1.111,38685843456,12.006315,11.063045
744,LBRDK,0.962,8172271616,12.228633,8.658093
745,HBNC,0.996,565946688,20.046875,8.385621
746,GSBD,1.169,1643051264,8.276243,7.8020835
747,FBNC,0.999,1485774464,14.27668,12.161615
748,EIF.TO,2.073,2338035456,18.683018,12.285358
749,DOL.TO,0.574,29021360128,31.081327,26.733162
750,CPX.TO,0.569,4827183616,6.326159,13.794224
751,CIX.TO,1.637,2664179456,49.485714,4.1937046
752,BMPS.MI,1.074,5362518016,2.576687,5.6756754
753,1023.KL,0.548,70816268288,10.2153845,8.853333
754,SU.TO,1.506,64338132992,7.8973145,9.744639
755,SBSP3.SA,0.547,57893298176,14.453924,11.24834
756,PLBC,0.71,216854976,7.3286853,7.432324
757,PBH.TO,1.026,3930435328,41.94313,13.57362
758,NWC.TO,0.63,1871801088,14.81132,13.260135
759,MPV,0.561,170899408,9.426901,22.38889
760,LLOY.L,1.223,33010196480,647.0,6.8375163
761,FMCB,0.116,728170368,8.403361,417.0213
762,EFN.TO,0.841,8518908928,19.72072,13.512345
763,CPG.TO,2.882,6869046272,7.5890408,5.4851484
764,CGX.TO,2.884,469353280,4.0944443,8.773809
765,BBNI.JK,0.926,219576176476160,10.51506,8.24921
766,BASFY,1.259,51016585216,204.14285,2.2468553
767,BAS.DE,1.259,47241187328,211.72,11.285714
768,TESB.BR,0.447,1633953024,8.882784,8.818182
769,SBIN.NS,0.81,6714429538304,10.522377,10.372949
770,SAN.MC,1.343,71061250048,6.9561543,8.695193
771,QSR.TO,0.924,48078196736,21.05088,20.069029
772,PXT.TO,1.615,2235714816,3.6865418,4.0753293
773,PMT.TO,3.22,34221000,1.6451613,-5.1
774,MXG.TO,0.87,231716400,9.346938,26.941175
775,MTL.TO,1.774,1278012672,10.013793,9.68
776,MBX.TO,0.281,49840752,12.166667,18.25
777,MBCN,0.634,193314560,11.158877,14.130177
778,LRE.L,0.592,1482015872,589.52386,557.65765
779,IFC.TO,0.541,39237750784,31.479256,14.205294
780,FSRL,0.388,38141020,11.811594,8.316326
781,DOO.TO,2.41,6854528512,7.888118,8.745193
782,DBK.DE,1.188,29048074240,5.26426,5.630116
783,BTO.TO,1.128,4625472512,355.0,6.6981134
784,BRBY.L,1.136,4349527040,1019.3277,15.529382
785,BP.L,0.539,84434567168,728.9706,669.86487
786,BNP.PA,1.609,75413651456,10.761438,6.686294
787,BMRI.JK,0.591,676666393231360,12.292511,10.699054
788,BMO.TO,1.171,95939960832,18.191196,10.596955
789,BIMBOA.MX,0.206,344812879872,13.013267,17.322296
790,BFIN.JK,1.243,20152796053504,12.287941,9.554367
791,BDI.TO,1.727,538879488,18.265305,16.574074
792,BA.L,0.35,41289166848,2249.1665,17.905
793,6012.KL,0.193,26394107904,22.466665,18.722221
794,VALE3.SA,0.934,260365778944,6.677278,5.1682243
795,TXG.TO,1.181,1714200064,6.27044,8.308333
796,SXP.TO,1.358,102660032,6.0298505,4.809524
797,RBGLY,0.066,40275947520,19.947369,3.0646899
798,PVBC,0.523,160865264,13.787879,20.68182
799,PKI.TO,1.382,7583192064,16.40304,11.722826
800,PEY.TO,1.829,2891627776,9.216049,6.0445347
801,PETR4.SA,1.011,489038643200,3.9038665,4.6993713
802,PBR-A,1.011,97669644288,3.8701298,4.700315
803,HR-UN.TO,1.955,2588538368,40.217392,7.8389835
804,EQBK,0.884,531463296,68.74,7.9011493
805,EBMT,0.53,102935456,9.953488,7.2954545
806,CVE.TO,2.785,50580836352,12.773585,8.735484
807,CTBI,0.693,768587136,9.78211,9.872685
808,CJ.TO,2.99,1119312640,10.892308,13.615385
809,BNPQY,1.609,81848532992,10.765061,5.9074383
810,BNE.TO,2.796,236558448,5.2916665,4.847328
811,BKG.L,1.191,5048190464,1130.1663,13.954307
812,BDRBF,2.96,4194511104,9.140426,6.4215245
813,BBDC4.SA,0.639,143250259968,11.228347,6.0680857
814,1066.KL,0.345,24303605760,8.590909,7.9859157
815,WCP.TO,2.806,6129500160,7.020548,6.972789
816,VLE.TO,0.824,517533024,2.105042,25.050001
817,SOLB.BR,1.007,2631478272,2.4731183,5.952941
818,PZA.TO,0.965,446905632,14.395833,13.288462
819,PRU.TO,0.976,2664706560,6.4666667,10.210526
820,PBL.TO,0.631,964543680,31.095652,18.33846
821,MR-UN.TO,2.062,93664328,53.666668,4.6666665
822,MEG.TO,3.16,8462309888,15.70707,10.724137
823,LIF.TO,1.143,1848320000,9.924398,10.169014
824,LB.TO,1.267,1225435136,7.892958,6.817518
825,KXS.TO,0.728,4362896896,327.65958,38.5
826,KEY.TO,2.116,7995147776,18.859459,15.85909
827,KBL.TO,1.111,371357472,21.396341,14.264228
828,KBC.BR,1.208,28027975680,8.623602,8.820839
829,K.TO,1.131,10212824064,18.065218,20.268293
830,IVN.TO,1.995,20512210944,44.888885,16.323233
831,ITUB4.SA,0.536,315360804864,10.309524,7.8548756
832,GEI.TO,1.287,3727879424,16.35461,14.060975
833,FN.TO,1.097,2255973632,9.06506,8.549999
834,DR.TO,0.56,255898592,10.454546,10.247525
835,DB1.DE,0.563,34846101504,20.863585,17.857815
836,CYRE3.SA,1.096,9350530048,9.936255,6.7588077
837,CWBK,0.483,95322000,5.376344,14.778325
838,COLR.BR,0.131,5379090944,5.447837,15.570909
839,CFW.TO,1.86,339435744,1.7678572,3.96
840,BZLFY,0.461,12961680384,19.46193,59.90625
841,BWO.OL,1.849,4918168576,4.883303,4.6655235
842,BWFG,0.776,205898240,5.554604,7.010811
843,BVIC.L,0.639,2050717440,1712.5,12.106038
844,BPCL.NS,1.001,1302641901568,4.4333234,9.342432
845,BN4.SI,0.765,13026003968,15.617022,12.440679
846,BN.PA,0.432,38621925376,44.036762,15.637075
847,BJBR.JK,0.729,12730894385152,7.15934,5.902439
848,BAB.L,1.277,2634044416,8666.667,12.464046
849,5347.KL,0.318,65859817472,21.884617,14.405063
850,1295.KL,0.469,81913151488,12.411764,11.105263
851,1155.KL,0.272,116929224704,12.423077,11.4
852,USIM3.SA,1.478,11832248320,8.675925,6.506944
853,TSL.TO,0.974,91690616,12.518518,14.695652
854,RX.V,0.926,101026136,16.415094,18.510637
855,RSI.TO,0.576,681797632,12.690476,12.395349
856,PSK.TO,1.812,6340669952,27.926317,30.494253
857,PIF.TO,0.889,245951088,15.355264,16.913044
858,OGC.TO,1.496,2164570624,19.125,6.6521735
859,KEL.TO,2.099,1176761344,13.750001,15.125
860,FRO.OL,0.11,56256073728,6.5323434,5.808581
861,FNWB,0.762,147787168,60.19231,14.227272
862,FLUX.BR,0.225,1496612608,19.363636,18.849558
863,ERF.TO,2.652,5408748544,9.369719,5.509317
864,DBCORP.BO,0.452,46704627712,13.588083,13.581046
865,CXI.TO,0.813,159272480,12.859376,7.863057
866,CNE.TO,0.857,156912896,1.3372092,1.6666666
867,CCA.TO,0.465,2536691712,7.221154,7.1438766
868,BZU.MI,1.011,6738805248,8.425926,7.913044
869,BTCS,1.614,27616512,3.1999998,-5.8666663
870,BT-A.L,0.716,10912182272,577.1053,5.956002
871,BSDE.JK,0.819,20599699144704,10.584569,6.877051
872,BRY.TO,1.712,9383715,17.75,-5.0714283
873,BMY.L,0.626,448295232,2030.7693,16.397514
874,BLX.TO,0.412,2941163008,37.657898,28.909092
875,BIR.TO,2.037,1433864704,133.5,5.8681316
876,BGEO.L,1.094,2303890688,477.76727,145.36557
877,BEI.DE,0.259,30609223680,41.651234,27.88223
878,BDT.TO,1.208,1004544960,14.015037,8.834124
879,BDMN.JK,0.815,29125177769984,8.312645,8.38539
880,BDEV.L,1.563,4635159552,2161.818,14.715347
881,BACHY,0.397,162201960448,3.992095,17.413794
882,2445.KL,0.28,24603441152,39.368423,17.952
883,1171.KL,0.555,6577847808,16.0,13.333334
884,0316.HK,2.024,61744873472,5.77517,7.236842
885,ZZZ.TO,1.589,1002873344,14.661765,11.077778
886,WTE.TO,0.89,1601626624,13.774194,16.113207
887,WJX.TO,1.903,709892800,8.999999,8.443298
888,VNP.TO,1.616,443523520,21.73913,14.285714
889,UOVEY,0.827,36540899328,8.808081,15.406361
890,UCB.BR,0.378,21900165120,65.0,16.998514
891,TOU.TO,1.401,22258847744,12.590457,8.214008
892,TBLMY,0.061,1666487168,11.622223,0.45281383
893,SOLV.BR,0.976,2329275904,5.5789475,7.9400744
894,SII.TO,1.433,1292632704,23.032257,17.175257
895,SES.TO,2.579,3122624256,17.153847,13.765431
896,SAB.MC,1.038,7861423104,6.326087,11.192308
897,PPERY,0.591,42294714368,12.120805,0.019302089
898,PPERF,0.591,41369985024,11.08125,0.08865
899,OPBK,0.617,149703984,6.4387097,6.7891154
900,OCN.L,0.977,498618272,940.0,815.0289
901,NTIOF,1.111,28812574720,12.110158,11.22679
902,MELE.BR,1.379,3036060160,14.341604,13.516188
903,MCB.TO,0.716,51214308,8.260869,15.833333
904,LEN-B,1.52,47276670976,11.2212515,9.338582
905,KIN.BR,1.424,1174699136,20.96059,13.338557
906,J36.SI,0.448,10760937472,21.941175,6.0749187
907,IMBBY,0.416,19595309056,7.1293373,753.3334
908,IDBI.NS,0.973,871163101184,16.330645,16.530611
909,HSX.L,0.682,4276077824,775.0,855.17236
910,HSNGY,0.57,21156528128,9.582609,7.8156033
911,HLAN,0.442,172292768,8.952879,8.645096
912,GXE.TO,3.801,173085008,22.000002,5.0769234
913,GRT-UN.TO,1.113,4898036736,35.791664,13.7562275
914,GFM.L,0.871,212210112,2831.25,1617.8572
915,GEO.TO,0.881,89619872,17.363636,6.16129
916,GDI.TO,0.989,918709888,49.632908,24.506248
917,GBT.TO,0.617,486159744,10.92647,16.696629
918,GBLB.BR,0.769,9042434048,25.948147,38.707184
919,FSZ.TO,1.658,868183872,16.52,7.9423084
920,FSV.TO,0.895,10084836352,73.52459,29.199219
921,FRU.TO,2.011,2198552320,16.579546,17.792683
922,FINW,0.762,125560680,7.556391,8.589744
923,FBU.AX,1.015,2983397376,190.5,7.470588
924,FAR.TO,1.31,283054592,7.3589745,3.8783782
925,EVS.BR,0.819,447997184,12.584905,11.910714
926,EURN.BR,-0.125,3031840000,3.895939,9.136906
927,EN.PA,0.869,14276474880,12.95548,9.625955
928,DPM.TO,1.198,1868770176,7.744361,7.9230776
929,DIV.TO,1.587,478671744,13.227273,14.55
930,DIE.BR,1.167,10884093952,25.16524,12.058652
931,CPLE6.SA,0.471,27467407360,13.1780815,11.317647
932,CPFE3.SA,0.536,40109821952,7.2520833,8.367789
933,CJT.TO,1.026,1887439744,51.330273,22.560484
934,F,1.645,52769804288,12.296295,7.25683
935,GE,1.217,191901679616,21.968712,29.157806
936,MSFT,0.89,3126134571008,38.039783,31.467464
937,XOM,0.947,461221724160,13.075365,11.922051
938,INTC,0.996,186750746624,110.424995,19.71875
939,VZ,0.384,176651583488,15.258182,8.92766
940,C,1.498,121122308096,15.653466,8.795549
941,DIS,1.412,224444956672,75.06748,22.328466
942,KO,0.591,263758610432,24.76923,20.393333
943,JPM,1.127,576938115072,12.348952,12.356571
944,CSCO,0.853,202095067136,15.170213,13.134211
945,PG,0.43,381777477632,27.177555,23.31178
946,WFC,1.196,205201588224,12.0,10.793296
947,GM,1.5,52353396736,6.195355,4.9239955
948,MCD,0.718,203582554112,24.390139,20.792772
949,CMCSA,0.98,172180127744,11.684635,9.423913
950,CAT,1.152,182986702848,18.212225,16.34389
951,TGT,1.126,81816084480,19.844345,16.861086
952,CVX,1.118,292965777408,13.885564,10.9011755
953,SBUX,0.982,103473586176,24.43583,19.36229
954,CHK,0.498,11618520064,5.25,10.117312
955,MRK,0.384,334181826560,879.6666,13.505629
956,CMG,1.286,79707119616,65.36474,44.836803
957,ORCL,0.994,345240338432,33.14248,20.162119
958,COP,1.244,149733457920,14.048564,13.040983
959,DE,1.033,114332770304,11.974927,14.876493
960,UNP,1.076,150040903680,23.533972,19.549284
961,CRM,1.283,292144578560,71.88067,27.30553
962,COST,0.765,324924342272,47.853035,42.17789
963,LOW,1.12,145752424448,19.297728,18.953125
964,CVS,0.499,100373979136,12.327667,8.650759
965,LMT,0.475,109393960960,16.49873,16.450994
966,SO,0.486,78269775872,19.81768,16.60648
967,HAL,2.003,35087818752,13.499999,10.056122
968,EMR,1.361,64842211328,33.260994,19.588945
969,ED,0.351,31375763456,12.595007,16.216072
970,X,2.025,9167995904,11.455056,11.6848135
971,DOW,1.305,41013800960,70.64634,13.440836
972,NVDA,1.725,2258900090880,75.73847,29.751728
973,FDX,1.207,71299506176,16.718985,13.647668
974,CL,0.412,74019840000,32.509026,23.697369
975,TM,0.499,339239469056,11.466059,21.980785
976,STT,1.53,23346309120,13.856631,9.043275
977,MOS,1.499,10442023936,9.274285,10.966216
978,TRV,0.593,52731056128,17.979687,11.112507
979,KMB,0.412,43579826176,24.827257,17.503384
980,GD,0.679,77506215936,23.482128,17.277676
981,EXC,0.605,37560041472,16.055555,14.339695
982,DUK,0.46,74607894528,18.076635,15.278041
983,UAL,1.543,15705884672,6.0,4.134715
984,NOK,0.695,19654256640,27.23077,9.076923
985,KSS,2.005,3232939008,10.22807,11.08365
986,MRO,2.215,15989343232,11.0703125,9.11254
987,HPE,1.201,23045986304,12.227586,8.691176
988,VLO,1.521,56234508288,6.8495183,12.671864
989,DVN,2.2,31864299520,8.592465,9.156935
990,OXY,1.653,57611358208,16.664103,14.506696
991,CSX,1.183,72567865344,20.037838,16.92694
992,MPC,1.499,72607703040,8.523689,13.230467
993,CTSH,1.073,36486840320,17.40855,14.687376
994,KR,0.461,41133600768,19.300676,12.501094
995,LVS,1.177,38962204672,32.3125,16.731392
996,LRCX,1.517,127375745024,37.45451,27.14641
997,WY,1.448,26200547328,31.226088,26.404411
998,WHR,1.461,6515300864,13.719036,8.171448
999,FAST,1.04,44157018112,38.188118,32.825535
1000,O,0.925,46586806272,42.93651,32.590363
1001,IP,0.963,13502363648,45.372093,13.739437
1002,PPL,0.824,20306210816,27.53,15.126373
1003,MCO,1.268,71752343552,45.020622,32.031784
1004,GME,-0.384,3829530112,626.00006,208.66667
1005,HMC,0.608,60593684480,9.849206,12.127036
1006,EL,1.072,55258607616,119.496124,36.270588
1007,COF,1.478,56636563456,12.448997,9.062081
1008,GLW,1.074,28192401408,48.470585,15.259258
1009,CF,1.023,15620680704,10.573062,13.640984
1010,KLAC,1.34,94470414336,35.33485,25.255604
1011,CB,0.629,105144336384,11.892152,10.906145
1012,CALM,-0.078,2882626048,6.3552914,27.245369
1013,SHW,1.153,88255504384,37.589825,27.26295
1014,RF,1.206,19339716608,9.971565,9.563637
1015,NOC,0.343,71816232960,35.325462,17.311392
1016,JCI,1.247,44515385344,24.282528,15.854369
1017,CLX,0.42,19001870336,243.03175,23.774845
1018,WMB,1.065,47481827328,14.541045,19.009758
1019,CAH,0.691,27217772544,44.404762,13.970037
1020,NSC,1.304,57573601280,31.739727,18.54949
1021,SYY,1.151,40413839360,19.84841,17.090527
1022,CME,0.498,77510426624,24.271702,21.790485
1023,CIEN,1.006,7150618624,32.11039,15.550314
1024,CHKP,0.611,19188185088,23.1,16.368261
1025,SCCO,1.276,82351996928,33.923565,29.588888
1026,K,0.415,19579373568,25.462223,15.036746
1027,HRL,0.267,19108833280,24.062067,20.767857
1028,CSIQ,1.256,1277553152,3.9599202,4.542529
1029,SYK,0.899,136158806016,43.273273,27.009056
1030,RRC,1.834,8336191488,9.644258,9.617319
1031,CPB,0.228,13250678784,17.431374,13.719136
1032,DG,0.41,34281857024,20.670198,18.893461
1033,FOXA,0.794,14238732288,18.286549,8.228948
1034,CMI,1.038,40155787264,57.102715,14.098086
1035,CCL,2.55,21405401088,51.0625,11.671429
1036,MKC,0.72,20626939904,29.316793,25.019545
1037,KHC,0.666,44857118720,15.974027,11.495327
1038,NYT,1.012,7107529216,30.87143,23.236559
1039,EW,1.047,57520140288,41.547825,30.925566
1040,CI,0.558,103017758720,20.87299,11.331982
1041,CAG,0.406,14168068096,14.458536,11.018587
1042,WB,0.418,2204161536,5.3786983,4.567839
1043,VMC,0.832,36099674112,38.602547,27.679516
1044,NWSA,1.346,15036981248,65.45,29.415731
1045,CLF,2.013,11331091456,29.153847,12.225806
1046,NUE,1.617,47492038656,10.988339,15.16475
1047,CHRW,0.725,8907923456,27.992647,19.035
1048,RL,1.546,12002670592,21.287981,16.74933
1049,MCK,0.442,70546382848,24.26989,17.312157
1050,LEN,1.52,47276613632,12.534985,10.49939
1051,KKR,1.619,89462792192,24.591686,16.679934
1052,DOV,1.27,24341653504,23.593874,17.952381
1053,CNX,1.325,3632362240,2.638487,10.981481
1054,CINF,0.631,19456071680,10.649228,17.738571
1055,KMX,1.605,13756497920,27.83067,25.249275
1056,HES,1.276,46883680256,33.99555,15.387096
1057,TJX,0.866,115586342912,26.274612,22.487803
1058,SE,1.494,30548043776,214.84,38.364285
1059,HSY,0.339,39719235584,21.46799,19.124876
1060,ETN,1.07,125038231552,39.085,27.524649
1061,NE,0.993,6923693568,14.605422,8.345956
1062,L,0.826,17396115456,12.446741,26.996552
1063,DHR,0.86,184928649216,44.276596,28.83603
1064,CIM,1.725,1112678912,20.043478,7.3174605
1065,CROX,1.999,8699684864,11.251957,10.58131
1066,CHTR,0.962,41962905600,9.687667,7.8485017
1067,WU,0.86,4783913984,8.321428,7.8539324
1068,PXD,1.329,61326041088,12.98862,12.24347
1069,EMN,1.539,11786172416,13.380507,11.222844
1070,THC,2.072,10510474240,18.408056,14.888103
1071,PH,1.519,71369547776,27.473555,21.100607
1072,TSM,1.232,705692762112,26.887352,19.135021
1073,SWN,1.121,8349066240,5.3758864,5.6567163
1074,SLM,1.168,4801426944,9.041493,7.5659723
1075,GBX,1.629,1619830656,15.505953,12.707317
1076,TSCO,0.842,28247963648,25.91287,23.202127
1077,SPTN,0.533,696624512,13.473332,9.858537
1078,SCHW,0.996,131974922240,28.480314,16.706697
1079,FE,0.473,22184910848,19.70408,13.550878
1080,ETR,0.701,22535520256,9.5207205,13.671411
1081,CX,1.069,13053508608,75.083336,9.688172
1082,CLMT,1.785,1192115328,25.186441,18.345678
1083,CLB,2.392,797027968,33.490196,14.598291
1084,SANM,1.038,3468157952,13.458875,9.670296
1085,MUR,2.201,6972723200,10.803782,7.811966
1086,MMC,0.891,101271298048,27.318302,21.819916
1087,FLR,2.12,7192335360,78.29629,13.422221
1088,CZR,2.811,9460962304,12.016483,17.637096
1089,SIX,2.208,2214238464,57.21739,12.018265
1090,PVH,2.204,8385628672,16.759237,11.639901
1091,PCG,1.327,43766562816,15.9619055,11.4013605
1092,H,1.493,16148116480,78.245094,36.19501
1093,GPC,0.945,21600804864,16.605574,14.629839
1094,FUN,1.416,2138136064,17.314049,10.345679
1095,DTE,0.642,23204569088,16.588757,15.618384
1096,CP,0.767,82256166912,28.441936,23.202631
1097,CNI,0.658,84326014976,20.97293,19.806015
1098,WEN,0.812,3870979584,19.42268,16.821428
1099,CCI,0.751,45985251328,30.586706,40.547894
1100,WPC,0.876,12341847040,17.207317,22.576
1101,TRP,0.74,41714335744,19.802956,12.445821
1102,TDC,0.948,3766457856,63.393436,14.322222
1103,OC,1.458,14510183424,12.694064,11.232323
1104,MFC,1.099,45126938624,13.015625,8.471187
1105,INCY,0.655,12791246848,21.498114,10.434066
1106,RCL,2.518,35676913664,22.03011,11.901541
1107,ERF,2.652,3996091648,9.406699,6.8501744
1108,COO,0.932,20165783552,69.49315,25.686075
1109,CNQ,1.983,81736425472,13.90164,10.934097
1110,MAS,1.257,17335062528,19.62189,17.260393
1111,LNG,0.941,37851123712,3.9607072,16.356998
1112,IMAX,1.254,856222528,35.152172,13.363636
1113,FMC,0.857,7950842880,5.6321836,12.564102
1114,DCI,1.095,8989157376,24.40523,20.629835
1115,CTAS,1.258,69695070208,49.748734,41.866547
1116,CCJ,0.916,18808504320,71.01639,34.935482
1117,TRGP,2.187,24921694208,30.59836,15.404402
1118,PGR,0.347,121134063616,31.431612,18.515667
1119,EQT,1.136,16337526784,8.784361,8.219512
1120,WAT,0.926,20379312128,31.755535,26.21706
1121,TRI,0.395,70335897600,27.386642,38.667492
1122,MAIN,1.279,4020521984,9.045889,12.007614
1123,GNTX,0.987,8361490944,19.630434,14.864197
1124,CRUS,1.003,4992223232,29.291138,14.881029
1125,PPC,0.82,8126667264,25.235294,10.929935
1126,EGO,1.13,2858151680,26.055553,17.37037
1127,CSGS,0.836,1517507712,23.427273,11.848276
1128,COLM,0.944,4854215168,19.84841,18.619265
1129,CMS,0.374,18018609152,20.046513,16.761112
1130,MSM,0.904,5463410176,17.421904,14.792684
1131,CR,1.413,7714585600,38.172318,24.260323
1132,CQP,0.679,23906785280,7.106475,11.844125
1133,CNP,0.928,18036934656,20.79562,16.373564
1134,CACI,0.889,8442264064,22.987257,16.659191
1135,ULTA,1.311,25238738944,20.087591,17.682787
1136,SF,1.177,8035563008,18.264017,10.231675
1137,NWE,0.439,3120751104,15.816771,13.802168
1138,NFG,0.632,4949094912,11.262054,8.567783
1139,MOD,2.283,4969660416,22.397648,24.984253
1140,HMY,1.11,5093039104,10.75,16.67347
1141,FLS,1.468,5994449408,32.169014,15.484746
1142,CRC,1.484,3788769280,7.082262,8.4899845
1143,CPK,0.604,2389292032,22.68499,17.195515
1144,CE,1.343,19173216256,9.547778,12.364029
1145,TEL,1.395,44849971200,13.806084,17.269918
1146,SNX,1.55,9821716480,16.880598,8.587699
1147,SJW,0.576,1814297984,21.115671,18.863333
1148,PDCO,1.041,2477218816,13.620689,11.239837
1149,MCY,0.808,2857148672,29.65517,10.978724
1150,JKS,0.356,1293347840,2.5014896,2.682641
1151,JAZZ,0.594,7507620864,19.708673,5.717949
1152,CBOE,0.603,19398580224,25.768583,20.574467
1153,TRNO,0.823,6354300416,36.685085,34.40415
1154,SNV,1.413,5865464832,11.578035,9.04289
1155,OSK,1.278,8177908224,13.734582,11.194793
1156,OLN,1.423,7034890752,16.470589,9.5299835
1157,OLED,1.457,7978735104,39.728775,29.500875
1158,MTW,2.038,501736704,12.972477,9.364239
1159,MTRN,1.146,2731296000,28.766376,18.097527
1160,KGC,1.131,7542781440,18.029411,20.433332
1161,IAG,1.442,1653791104,18.499998,15.136363
1162,FHN,0.947,8546137600,10.0,9.6855345
1163,DECK,1.013,24160450560,34.01735,31.126324
1164,CNC,0.379,41976049664,15.854547,10.326317
1165,CASY,0.826,11788128256,25.313992,22.860733
1166,TK,0.639,664664000,4.727273,16.930233
1167,SM,4.203,5769987584,7.2667637,7.352507
1168,MTG,1.224,6011061248,8.979919,8.70039
1169,ERIE,0.421,20998055936,47.188015,37.670734
1170,CRK,0.701,2711634432,12.210526,6.8235292
1171,CMC,1.315,6800159232,10.203125,12.167702
1172,UTHR,0.521,10810278912,11.596164,9.240547
1173,TU,0.702,23630759936,37.23256,17.988764
1174,MKL,0.698,19946602496,10.352317,15.412074
1175,KRC,1.035,4316116992,20.23889,22.487654
1176,KIM,1.439,13219748864,19.22549,26.146667
1177,ITT,1.426,11168062464,27.370222,20.831547
1178,HNI,0.849,2134071424,41.40367,13.634441
1179,CUK,2.55,18630502400,46.03125,10.751824
1180,CPLP,0.865,957680320,8.093022,8.246446
1181,CNO,1.041,2985564672,11.45,8.011662
1182,ZBRA,1.784,15488409600,52.60733,21.409092
1183,SIMO,0.836,2570357760,48.6962,16.546236
1184,SBAC,0.555,23427219456,47.108696,34.83923
1185,NEOG,1.137,3416685568,157.79999,21.916666
1186,NAVI,1.39,1961849984,9.405405,8.018433
1187,LKQ,1.286,14239479808,15.173295,12.029279
1188,LANC,0.359,5714185216,44.27079,29.96104
1189,GIB,0.826,25693786112,21.664705,17.820969
1190,DENN,1.941,468193152,25.6,12.108108
1191,CSV,0.829,409423456,12.635514,10.521401
1192,CSL,0.917,18732036096,27.55626,18.624048
1193,CMA,1.272,7285625344,8.53882,8.941463
1194,CHD,0.529,25441728512,34.2,27.965147
1195,CDW,1.092,34329511936,31.577776,22.24174
1196,SCVL,1.538,994127424,13.671641,11.973856
1197,PCH,1.163,3738475520,61.064938,53.43182
1198,NWN,0.555,1402326784,14.370657,13.245552
1199,NTRS,1.134,18141370368,17.503937,13.192879
1200,MASI,0.951,7770303488,96.61185,38.14286
1201,LC,1.983,970512704,25.114286,11.878378
1202,IPG,1.123,12357796864,11.449123,10.6634
1203,GTY,0.908,1475986560,23.78261,23.177967
1204,EXK,1.595,561787904,80.333336,7.774194
1205,CSGP,0.829,39452307456,105.0,76.666664
1206,CPE,2.471,2378336768,5.7770596,4.7301583
1207,COR,0.446,48420618240,26.440699,16.654558
1208,CNK,2.282,2184972288,13.410447,11.092592
1209,CAKE,1.496,1847810944,17.46377,10.478261
1210,SCI,0.812,10872803328,21.022663,18.41439
1211,SCHL,1.057,1078720896,27.129496,12.528239
1212,PRGS,0.952,2339253504,33.955414,10.640718
1213,PNW,0.469,8476400128,16.94558,15.158216
1214,OGE,0.709,6871319040,16.57005,15.110132
1215,LSCC,1.384,10759754752,42.286488,43.703915
1216,LEA,1.536,8263086080,14.966942,7.9691973
1217,HTGC,1.316,2922111232,7.9870133,9.225
1218,FOX,0.794,14209973248,16.736843,12.178724
1219,USM,0.452,3102500096,57.93651,30.165289
1220,SXT,0.786,2929774592,31.307693,21.094513
1221,SON,0.682,5665832960,12.049999,10.554745
1222,SBRA,1.163,3418915328,246.16669,22.723078
1223,RKT,2.365,28915214336,8.074362,25.526316
1224,OTEX,1.101,10392655872,80.895836,7.6739135
1225,NCLH,2.595,8909000704,53.666668,12.168605
1226,JOE,1.296,3383824896,43.586464,527.0
1227,JBL,1.414,17084786688,22.780611,12.757143
1228,HFWA,0.537,671964288,11.08,10.205263
1229,FUL,1.513,4345016320,28.996363,16.012047
1230,CVI,1.58,3584935424,4.661438,13.76834
1231,CRI,1.294,3089177344,13.570514,12.714715
1232,CRH,1.35,59380523008,19.921478,14.898101
1233,CPRX,0.926,1878736128,25.301586,10.418301
1234,CPA,1.383,4377678336,8.080683,5.901417
1235,COHU,1.511,1569059840,56.49153,19.265898
1236,CHH,1.203,6261918720,24.921103,18.311594
1237,CAMT,1.412,3780531456,51.392635,29.705673
1238,VC,1.646,3233275392,6.897948,11.276126
1239,UTL,0.578,846153984,18.56383,16.887096
1240,UNF,0.82,3243366400,29.00167,21.490705
1241,SKT,1.777,3216318976,32.097828,33.942528
1242,SEM,1.359,3869993728,15.78534,14.4258375
1243,PRMW,1.209,2904695296,45.524998,17.679611
1244,NHC,0.375,1450728576,21.776497,219.7907
1245,NDSN,1.005,15701547008,32.14754,24.468805
1246,GEOS,0.77,175652544,7.053476,32.975
1247,FCN,0.115,7472297472,27.239637,21.79171
1248,DLX,1.473,906550912,34.898308,6.073746
1249,CVEO,2.16,393884128,13.35821,55.937504
1250,CHE,0.421,9704120320,35.841988,25.262888
1251,CCU,0.397,2215164416,20.672415,13.175823
1252,CCK,0.906,9574132736,21.079788,11.673049
1253,CBT,1.272,5110166528,12.005208,12.147562
1254,CALX,1.665,2168968960,78.952385,19.16763
1255,CAC,0.722,488279136,11.286196,10.066067
1256,VICR,1.529,1700834944,32.134453,39.42268
1257,TEX,1.629,4314800128,8.518518,9.057665
1258,SPNS,1.166,1792379648,28.714285,20.615385
1259,RCI,0.554,21875015680,34.45378,10.25
1260,POOL,1.008,15484796928,30.202097,27.393076
1261,NEU,0.461,6085568000,15.696759,24.57862
1262,MEOH,1.946,3007504384,17.365759,9.37605
1263,LOPE,0.586,4088833792,20.030882,15.9683485
1264,LNN,0.611,1297895680,18.8256,18.886036
1265,LINC,1.335,328073568,12.152941,15.191176
1266,GPOR,0.579,2912838912,2.4092686,5.178525
1267,FSTR,0.771,300453696,210.07692,16.353294
1268,CNS,1.432,3807984896,29.573078,22.614704
1269,CASH,0.711,1286775552,8.316309,7.60241
1270,WLK,1.295,19591405568,41.2973,16.289978
1271,VAL,1.102,5449591808,6.538662,7.5184817
1272,VAC,1.848,3789693696,17.154459,12.255973
1273,UAN,1.306,830664832,4.8185163,-12.51433
1274,TTC,0.727,9566813184,33.441605,19.331224
1275,SSD,1.304,8708084736,24.810156,21.087358
1276,RM,1.463,236254480,14.584337,3.776911
1277,REG,1.179,11256952832,29.686275,28.431925
1278,PNNT,1.564,448744576,9.2972975,7.5604396
1279,ON,1.809,31430047744,15.040901,14.253877
1280,MTH,1.759,6346283008,8.808233,9.152843
1281,LEU,1.393,651007680,7.634191,14.885304
1282,GHM,0.568,295396032,109.12,82.666664
1283,GHC,1.098,3421557504,17.514944,16.333616
1284,CRTO,0.93,1936810880,39.852272,10.048711
1285,CPG,2.882,5077390336,7.5833325,5.7272725
1286,CORT,0.472,2607593216,26.797873,18.253624
1287,CIG,0.782,5733364224,5.1458335,41.166668
1288,CHGG,1.277,779323968,47.312504,6.525862
1289,CCNE,0.769,421781408,7.9960785,8.123506
1290,TRMK,0.813,1719724800,10.411111,11.154762
1291,SQM,1.087,14041964544,6.9829545,7.9290323
1292,SMCI,1.272,59137662976,78.72409,32.761272
1293,SKM,0.556,8498758144,10.517074,4.7280703
1294,SCL,0.826,2022667648,51.451427,19.489178
1295,ROIC,1.438,1634062848,47.48148,42.73333
1296,PRIM,1.185,2282552320,18.270388,13.018349
1297,PODD,0.978,11985263616,58.101692,45.224274
1298,ORI,0.858,8545812480,14.6285715,10.556701
1299,NJR,0.65,4218203392,17.658436,14.796551
1300,KN,1.502,1444883328,20.379747,12.290077
1301,HMN,0.285,1512106880,33.93578,9.657964
1302,GRC,0.918,1036933760,29.514925,21.037233
1303,DNN,1.902,1737442176,39.0,-65.0
1304,CYD,1.057,348521280,8.793814,6.5615387
1305,CWT,0.485,2680743168,51.07692,19.611814
1306,CW,1.175,9797383168,27.849838,23.07845
1307,CTRE,1.066,3289779456,47.784317,21.758928
1308,CMCO,1.278,1283380352,26.565477,13.165192
1309,CLH,1.232,10858802176,28.965467,22.72122
1310,CDNS,1.044,84855234560,81.274155,44.78849
1311,CBZ,0.834,3933799936,32.84519,25.404531
1312,CAE,1.907,6569753600,32.761906,21.278349
1313,WBS,1.314,8709848064,10.340122,7.9328127
1314,TNC,1.092,2311319552,20.859348,17.77924
1315,TKR,1.544,6154145280,15.983547,12.744898
1316,RLI,0.349,6785227776,22.461422,25.865854
1317,PCTY,0.869,9681114112,58.06081,25.650747
1318,PBA,1.482,19418411008,16.063637,14.603306
1319,LADR,1.952,1409247232,13.740741,8.30597
1320,IPGP,1.185,4180636928,19.587473,19.587473
1321,IEX,0.966,18469629952,31.045801,26.933775
1322,IDT,0.981,959905216,26.075863,25.206667
1323,HAFC,0.939,481852224,6.0763364,6.803419
1324,GFF,1.382,3626384128,53.926468,13.190647
1325,FIX,1.191,11337354240,35.222836,25.195084
1326,FICO,1.221,31055431680,69.92781,42.76557
1327,FCCO,0.421,132973472,11.245162,9.125655
1328,EGAN,0.531,201256768,30.714285,20.15625
1329,EFSC,0.994,1521588224,8.0,8.666667
1330,DAN,2.496,1840865024,48.846153,8.089171
1331,CVBF,0.447,2486432256,11.220125,11.435898
1332,CRS,1.545,3529033472,24.712801,14.9414215
1333,CRL,1.392,13913229312,29.419111,21.8332
1334,CIVI,1.552,7668504576,8.415743,5.5980825
1335,CECO,1.231,802263104,62.216217,17.707693
1336,CCRN,0.739,650065088,9.131707,15.344261
1337,CASS,0.745,656638976,22.096329,14.776073
1338,WLKP,1.065,782063872,14.4155855,10.325582
1339,TRS,0.691,1096678400,27.5567,12.15
1340,TMP,0.632,724482752,76.19697,10.263266
1341,THFF,0.502,452834464,7.545276,7.19137
1342,TFSL,0.654,3525730304,50.24,52.333336
1343,STRL,1.191,3436399104,24.788765,19.455027
1344,STAA,0.835,1870586624,89.023254,40.294735
1345,SKY,1.53,4909625344,24.358168,25.682781
1346,PKE,0.445,336814016,35.382977,32.60784
1347,NWPX,0.933,343062880,16.593302,12.430108
1348,MTDR,3.332,8331559936,9.719069,8.103155
1349,MATW,1.108,953596544,29.046728,10.643835
1350,KAMN,1.195,1298997120,163.82143,33.72794
1351,IX,0.896,25438898176,13.896595,10.045578
1352,IRDM,0.869,3203187456,218.0,31.90244
1353,IMMR,1.467,237121232,7.192308,11.6875
1354,GLRE,0.818,440960416,4.988,7.7937503
1355,GDOT,1.031,492901088,71.76923,5.241573
1356,FSS,1.031,5178946048,33.152344,25.410181
1357,FNB,1.034,5061138432,10.763359,8.92405
1358,FELE,0.958,4924068864,25.987833,22.629238
1359,FDUS,1.425,620351232,6.737201,8.972727
1360,CVE,2.785,37337923584,12.814103,8.26033
1361,CPT,0.844,10506070016,26.594595,54.364643
1362,CPRT,1.217,55687876608,41.37143,35.975155
1363,CPF,1.132,534160480,9.101382,8.896397
1364,CFG,1.346,16635300864,11.594249,8.982674
1365,CCOI,0.405,3203659264,2.4541698,-20.939104
1366,WNC,1.561,1349868928,6.2245326,11.427482
1367,WDFC,-0.064,3435364864,49.766205,43.300854
1368,VNCE,1.734,40633776,2.1381578,-9.285714
1369,TW,0.922,22683017216,60.918125,34.956375
1370,STRT,1.121,96523432,593.25,16.479166
1371,STC,1.179,1797367040,58.61261,11.102388
1372,SP,1.225,1033898560,33.261147,13.287532
1373,SHIP,0.838,172336560,9.0625,5.6862745
1374,SHG,0.601,18078357504,6.2372584,4.8884296
1375,SHEN,0.485,876259200,108.56251,-157.9091
1376,RNST,1.047,1760716416,12.234375,11.347826
1377,PFGC,1.389,11612939264,27.240875,14.692913
1378,OTTR,0.565,3609524224,12.342857,20.669857
1379,MCS,1.474,452361440,31.0,29.708334
1380,LPX,1.832,6067641344,34.109756,17.336777
1381,LCNB,0.719,210795344,14.490909,10.283871
1382,IMOS,0.526,1163791616,19.41358,31.138615
1383,ICLR,1.145,27714230272,45.337383,19.703814
1384,HXL,1.232,6053652992,58.75,24.364548
1385,HNRG,0.465,185938112,4.264,20.5
1386,HEI,1.166,23292450816,62.62295,46.024094
1387,FULT,0.82,2574466048,9.689025,10.251614
1388,FRME,1.086,2069004672,9.356568,9.914773
1389,FMX,0.38,233067364352,113.27827,27.196243
1390,FCF,0.852,1422610048,9.038961,9.599999
1391,EQC,0.331,2019990016,25.173332,-188.79999
1392,DRH,1.601,2024846208,26.694443,19.612244
1393,CVGI,2.729,217966704,4.3741493,5.5431037
1394,CNMD,1.336,2464910592,39.2549,14.249111
1395,CLRO,0.702,43848084,2.1529412,-2.6142857
1396,CHEF,2.216,1494115328,42.795456,22.963415
1397,CHDN,1.021,9119038464,22.540985,16.47803
1398,CHCO,0.493,1548834304,13.695138,14.141113
1399,CGNX,1.479,7288646144,65.261536,35.647057
1400,WCN,0.662,44323536896,58.30847,31.274544
1401,VSEC,1.654,1261528064,26.31579,16.393442
1402,UMC,1.189,20496095232,9.298851,10.371796
1403,UMBF,0.833,4240075264,12.115599,11.224516
1404,TAC,0.893,1977366272,3.7602336,40.1875
1405,SXI,1.024,2163060736,15.776623,21.667063
1406,SANW,0.935,20951466,1.6123333,-2.4185
1407,NCMI,1.868,499676160,0.3591353,42.916668
1408,KT,0.383,6990414336,9.163399,7.116751
1409,KEX,1.205,5573455872,25.623655,15.651888
1410,JVA,1.219,9019588,Infinity,3.95
1411,HTHT,0.919,12336555008,82.34042,17.2
1412,FF,0.589,352293760,9.470588,10.0625
1413,FCFS,0.609,5753061376,26.570833,15.745678
1414,EPC,0.947,1929414912,18.757282,12.668853
1415,EDN,1.318,986040640,8.42381,2.923967
1416,DQ,0.183,1851143936,5.008897,4.3108726
1417,CWST,0.893,5734015488,214.93478,84.50428
1418,CRAI,1.21,1041760384,27.802973,22.392216
1419,CPSS,2.093,159742048,4.2000003,9.108434
1420,COCO,0.183,1390782848,30.92405,23.490385
1421,CLS,2.314,5360442880,22.13793,13.87037
1422,USAC,1.201,2747063296,133.34999,31.37647
1423,TREX,1.585,10841528320,52.77778,39.271656
1424,TRC,0.644,412789216,128.41667,140.09091
1425,TCPC,1.466,892717248,15.567164,6.601266
1426,SWX,0.347,5453480960,35.74178,20.687498
1427,SRCE,0.784,1282224640,10.421471,11.648889
1428,PMTS,0.938,203618288,8.885572,5.779936
1429,PLXS,1.025,2618141440,21.071112,15.442997
1430,PGC,0.991,429480448,8.9778595,8.2474575
1431,OCFC,0.983,967426944,9.652941,7.7772517
1432,LODE,2.047,42135680,4.042222,-2.1399999
1433,LKFN,0.663,1722098304,18.169863,18.734463
1434,IART,1.129,2772891904,42.202385,9.792818
1435,FC,1.217,520870240,30.671875,18.695238
1436,CUZ,1.249,3656484096,43.70909,41.44828
1437,CRNT,1.488,273781472,45.714287,7.804878
1438,CMPR,1.985,2357605632,57.47403,22.694872
1439,CIX,0.766,422363328,18.641304,21.304348
1440,YORW,0.604,519901440,21.849398,21.461538
1441,VIRC,0.689,178676000,6.3179193,6.3546515
1442,SPXC,1.249,5625563136,39.719357,22.026833
1443,SLRC,1.117,837413120,10.964286,9.534162
1444,SAR,1.347,316761216,12.275133,6.391185
1445,RGEN,1.03,10257420288,248.54053,88.42308
1446,PCYO,0.979,228766656,35.185184,105.55555
1447,NVEC,1.162,435876000,20.21973,31.865725
1448,NMFC,1.164,1303464320,10.217742,8.678082
1449,MIDD,1.558,8618890240,21.699055,14.343443
1450,KOF,0.882,20504145920,17.419355,13.728813
1451,IRMD,0.832,557036608,32.585186,26.341318
1452,GVA,1.456,2512137472,58.896908,11.403193
1453,GAIN,1.339,510717536,7.1507535,13.5523815
1454,FCPT,1.014,2253855744,22.869158,21.654867
1455,CUBE,0.707,10231251968,24.846153,24.983427
1456,CNHI,1.689,16139736064,7.3636365,8.099999
1457,CNA,0.662,12304232448,10.252822,8.586011
1458,CMRE,1.376,1336405760,3.8474576,5.675
1459,CHT,0.057,30719930368,26.268456,24.310558
1460,CHMG,0.211,201808464,8.045454,7.881262
